Strategy Name,Category,Repository,What It Is,Key Benefit,Implementation Difficulty,Compatibility with Agno+SurrealDB,Priority
Flows vs Crews Dual Pattern,Orchestration,crewAIInc/crewAI,Separate autonomous (Crews) from deterministic (Flows) workflows,Balance autonomy with control,Medium,Yes - adapt for orchestration,P2
Hierarchical Agent Delegation,Orchestration,crewAIInc/crewAI,Automatic manager agent coordinates planning and execution,Reduces manual orchestration,Low,Yes - for consolidation coordination,P2
Event-Driven State with Logical Operators,Orchestration,crewAIInc/crewAI,Use or_/and_ operators for complex routing conditions,"Readable, maintainable routing",Low,Yes - for promotion/consolidation triggers,P2
Temporal Knowledge Graph (Bi-Temporal),Orchestration,getzep/graphiti,Track both event_time and ingestion_time separately,Accurate temporal reasoning,High,Yes - critical for SurrealDB,P1
Episodic Data Model,Knowledge Graph,getzep/graphiti,Process discrete data units instead of streaming,"Real-time updates, no batch reprocessing",Medium,Yes - replace batch consolidation,P1
Temporal Edge Invalidation,Knowledge Graph,getzep/graphiti,Mark edges inactive instead of deleting,"Full audit trail, contradiction analysis",Low,Yes - for deduplicated memories,P2
Custom Entity Types with Pydantic,Knowledge Graph,getzep/graphiti,Define domain-specific node types with schema validation,"Type safety, ontology flexibility",Medium,"Yes - for Memory, Decision, Preference types",P2
Hybrid Retrieval with Graph Distance Reranking,Knowledge Graph,getzep/graphiti,"Combine semantic + BM25 + graph, rerank by path distance",Context-aware ranking,High,Yes - enhance hybrid search,P3
Sub-200ms Query Performance at Scale,Reasoning,getzep/graphiti,Aggressive indexing and parallel search for production latency,Real-time responsiveness,High,Yes - critical optimization,P3
Multi-Hop Reasoning with Path Constraints,Reasoning,getzep/graphiti,Use Cypher with path length limits to prevent explosion,Balanced reasoning depth,Low,Yes - constrain to 3-hop for memory,P3
Dynamic Context Window Management,Context Assembly,langchain-ai/langgraph,Adjust context size based on LLM capabilities and token budget,"Prevent overflow, adapt to any LLM",Medium,Yes - before each retrieval,P1
Human-in-the-Loop Checkpoints,Context Assembly,langchain-ai/langgraph,Pause execution for human inspection/modification of state,"Production safety, error recovery",Medium,Yes - before consolidation ops,P2
Comprehensive Memory: Working + Persistent,Context Assembly,langchain-ai/langgraph,Combine volatile session state with persistent across-session memory,Continuous learning,Medium,Yes - already in your design,P2
5.76x Performance Advantage,Performance,crewAIInc/crewAI,Lean standalone design without LangChain overhead,Significant speed improvement,Reference,Yes - use Agno natively,P3
Concurrency Control with Semaphore Limiting,Performance,getzep/graphiti,SEMAPHORE_LIMIT env var prevents LLM 429 rate limit errors,Prevent rate limiting,Trivial,Yes - add to embedding/extraction,P1
Model Context Protocol (MCP) Integration,Integration,"getzep/graphiti, crewAIInc/crewAI, microsoft/autogen",Standardized protocol for AI assistants to access tools/knowledge,Ecosystem compatibility,Medium,Yes - expose via MCP server,P1
Playwright MCP for Web Browsing,Integration,microsoft/autogen,Pre-built MCP server for web automation,Reduce custom web scraping,Low,Yes - for knowledge ingestion,P3
Structured Output from LLMs,Integration,getzep/graphiti,Use LLMs supporting structured output for schema compliance,Guaranteed schema compliance,Low,Yes - for entity extraction,P1
AgentTool for Multi-Agent Orchestration,Tools,microsoft/autogen,Wrap agents as tools for hierarchical delegation,Flexible agent hierarchies,Low,Yes - wrap memory analyzers/synthesizers,P2
Cross-Language Agent Support,Tools,microsoft/autogen,Python and .NET agents communicate via Core API,Polyglot architecture,High,No - Agno is Python-first,P4
No-Code GUI (AutoGen Studio),Deployment,microsoft/autogen,Visual workflow builder without coding,Business user accessibility,Reference,Optional - future enhancement,P4
Unified Control Plane (CrewAI AMP),Deployment,crewAIInc/crewAI,"Centralized monitoring, tracing, management dashboard",Production visibility,Reference,Optional - implement dashboard,P3
Telemetry-First Design,Deployment,getzep/graphiti,Anonymous telemetry collection with opt-out,"Better tools, understand usage",Reference,Optional - future,P4
